"Joey was fantastic! She was incredibly helpfuland knowledgeable when I was purchasing my new Pixel 9 Pro XL.  Not only did she patiently answer all my questions and make sure I got exactly what I needed, but she also helped me save money in the process by finding the best deals and promotions. If you're looking for a top-notch salesperson who truly cares about their customers, ask for Joey!",2
"From the moment we were introduced to our advisor Jade, she put me at ease with her warm & friendly greeting & her wealth of knowledge.Jade too her time to provide me with options so I could make informed choices as to what handset suited my needs.Jade took time to explain the plan which includes sim & my device.Such a refreshing experience all round!Would definitely recommend Vodafone & Derby Vodafone shop!!",2
Would like to say a huge thank you to Sonal from the Vodafone Dorking shop for helping me out today! I came in wanting to change plans and she took her time taking me through all the options available for me and helping me pick the right deal. Really friendly and helpful service and wish I had gone into the shop sooner - thank you Sonal !,2
"Mirza was fantastic with all information, guided me very well and I trust his information.He made things clear so I can understand (brain issue) and helped me understand a few things with my phone that I was confused with ..I'm very pleased üòÄ to what I thought would be a nightmare to navigate he made it a pleasant experience",2
"Invaluable assistance and knowledge sharing from both Aman and Khurram today in helping me resolve a few security issues. But they got me set up very quickly and helped with my apps so no information lost in swapping back over from Giffgaff. My only small peeve was that I was given the net and not the monthly VAT incl price of the plan which was a bit naughty. But they stayed and helped me back up my phone before the move, so really very happy overall. The service was excellent, very professional and helpful. Cannot recommend enough. You get what you pay for, and I am happy to be paying a bit more for better security.",2
"An experience good enough to write a review.Bilaal took his time to go over a number of different options with me, gave future proofing advice and would highlight the package I most needed, not trying to upsell me on everything but still letting me know what the other, more and less expensive options there were.Price ranges were similar between a bunch of places but the service is why I'm now a customer. Thank you for the informative and patient assistance",2
"Always a pleasure going to Vodafone Elgin and seeing the staff there such as Rennie, Katie, Agnieszka and Dan  who are always helpful and willing to help. Such a shame it's closing due to the center it's in closing, hopefully a new premises is opened soon in Elgin.",2
Today myself & my daughter went in to see about a new mobile phone contract wasn't sure what Samsung deal or phone we wanted.  We were served by Jack who was extremely polite helpful & friendly who explained everything fully to us in detail he was a first rate Vodafone assistant and put me at ease,2
"Well what can I say. Graham at the store in Pontypridd was absolutely outstanding. Went out of his way to solve a problem that wasn‚Äôt really his to sort. It was an issue Voxi had created but his passion for great customer service meant that he would not let us leave without getting a solution, despite not being able to verbally talk to anyone on the Voxi team. He spent an absolute age on the webchat with them and finally got the problem escalated to a senior team member who was able to look into how it could be resolved. Good old fashioned customer service is what any customer wants and every shop should have a Graham.",2
"Buddy from The Webchat TeamBuddy was absolutely amazing, helped me with saving money on my contract, and also adding an iPad onto my contract, helped me with every question that I had, and made everything really easy to understand. We chatted and worked things out for over an hour but this really put me at ease, as nothing was rushed. Best service that I have had in the years I have used Vodafone. Anybody would be lucky to be connected with them.",2
"We have been in Vodafone serval times and been served my Megan who we have found extremely helpful, personal and if we need anything else we will always see Megan. Out of 5 stars we would give her 6.",2
Sahire has been amazing so professional and attentiveJust love the Vodafone Hanley team hence why I keep returning. They are refreshingly friendly and nothing to much trouble. Other phone companies need to take note !!,2
"After looking at updating my phone.I walked in to Vodafone and received great customer service.Simon and Kevin had the patience to show me different phones and there spec, after finally deciding on the S24 Ultra, between the two of them, they set it all up for me.Made to feel very welcome with happy, cheery staff üòä",2
"Really helpful staff!Graham solved a problem I had with a frozen screen on my iPhone within minutes and then Ria helped me to upgrade to a new model quickly while Luca provided the best entertainment for my two little ones to keep them busy while I was sorting my new phone and contract. Thank you to you all for being so kind and helpful, much appreciated üôÇ",2
"Really great experience today in store. Came to visit as I took out a new contract instead of upgrading (confusing app). Tom was extremely friendly and helpful. Nothing was too much for him! Cancelled the new contract and upgraded- better phone, better contract = happier customer! Thanks Tom- superstar!!",2
"A big thank you to Parvez at Vodafone Oldham branch for his excellent service while helping me with my upgrade. His advice on choosing my new device and airplan was brilliant. Parvez is knowledgable, professional, patient and friendly and no question was too big or too small to answer! I am more than happy with my new Samsung Galaxy S24 and my  very generous new Airplan. Excellent mobile and excellent service, highly recommended, thank you!",2
"Great customer service. Anil is very efficient in terms of providing info on renewing my phone tariff. Also, providing more info on the new dongle and setting it up for me. Very friendly and welcoming.",2
"Aneeza was extremely helpful, informative and had great communication. I‚Äôve been looking for the perfect deal for a new phone and she helped me find the best one suited for me and my requirements.She had a great answer for any questions I had and broke everything down very thoroughly so that I could understand. Thanks to her help I have my dream phone! Thank you!",2
"Karl was amazing! I had been trying to sort this out for months by calling Vodafone and even emailing a complaint and didn‚Äôt get it sorted until today. Karl and a lady from customer services were able to sort this out over the phone no problem. Thank you so much, appreciated massively!",2
Johnny was brilliant today at the Widnes Vodafone store and sorted both my mum and dad out with new sim only deals which is exactly what they were looking for. We will be back when our contract ends and hope that Johnny is there to help us again as it was so quick and easy! He helped us 2 years ago so we were so pleased it was him helping us again this time round.,2
"Today I walked into the store and was greeted by Haz with a chirpy cheerful greeting and some banter to top it off. He then get me paired up with Sam to help me with my phone issues and let me tell you what a great person, super helpful so nice and polite made this store visit such a pleasant experience. This girl has a lot going for her and I wish her the best with her career. Haz over watched the process I opted for and supported his team member with any questions and queries that Sam needed help with. Great team great experience. Well done guys",2
"Back in September, I signed up for Broadband at Vodafone's Dundee Branch. Delays with City Fibre connecting my flat meant that I wasn't connected until early December. However, since this has been done, I have benefitted from really speedy fibre broadband and digital voice communication.Brandon, at the Dundee Branch, was particularly helpful in helping me with the intricacies of Vodafones online customer service. Thanks also go to Miriam at Vodafone, customer service in Egypt.",2
"Excellent customer service provided by Amrit today. I went in for a new phone and she also reviewed my children's contracts to ensure we were on the best deals. Thanks Amrit, it was a pleasure speaking to you today.",2
Ben was extremely helpful when I called into the store to replace my obsolete handset. Lots of patience and good advice and even managed to reduce my monthly bill for the long term.  Thank you,2
Sayed and the team were wonderful and went above and beyond to help me after my phone was stolen. The experience was second to none and I left with all the information I needed and my issues resolved on the day.,2
"I needed Vodafone to save me, with 2 weeks left before a big fat 6 months abroad I needed someone to navigate all the phone things I never had the brain to memorise. A Puc vs a Nuc code? What the best deals were to be able to spend data abroad, how to transfer My account to my name from my mums when I was 13. Joshua in the bracknell store was an absolute life saver,  we burdened him with many specific requests and he navigated them all easily and knowledgeably.If you're stuck with phone problems this is this store for you, man went and saved me from years worth of failed robot phone calls, and I no longer have to wait for My retired mother to join me in store to access My account. Wins all around.I'm very satisfied and now very comfortable I never need to know what a NUC or PUC is again, I can simply rely on josh.10/10",2
"I was just shopping with my girlfriend around Oxford Street, and I got my phone stolen at the busy crossroads. I then wanted to get a replacement, and Piotr helped me out straight away! He activated the replacement SIM card quickly and helped me through this stressful time. I cannot thank him enough for his service.",2
"I needed to change the contract for my son's mobile number. Bee, the store assistant, was so attentive and polite, gave me all information quite clear and assisted with installation very quickly. My best recomendation for the store!",2
The team members in store were nice and welcoming. Aysha assisted me and explained things to me well so I could make a good and informed decision on a plan that suited my needs.,2
"Very friendly staff, professional and always try to find a solution to my situation. You will not be disappointed with Has and Dhillon. They  a friendly smile.",2
"I cannot praise Alexei enough for his outstanding service at the Vodafone Winchester store this morning. He was incredibly helpful in assisting me with switching from a different provider to an excellent SIM-only deal with Vodafone.Thanks to Alexei, I now have a ¬£10-a-month plan with 40GB of data, unlimited calls, and texts. I‚Äôm absolutely delighted!I did notice a member of staff sitting down who was engrossed in his phone, which some recent reviews have also mentioned. While I understand staff may use their phones for work-related purposes, I would suggest that when a customer enters the store, staff should immediately disengage from their phones, stand up, and warmly welcome them.That said, my experience with Alexei was exceptional. He was professional, patient, and genuinely helpful in making sure I got the best deal. I cannot fault the service I received‚Äîthank you,",2
"We visited Prestatyn shop for technical advice. Tilly was so helpful, courteous and patient. The problem was quickly resolved. Thanks Tilly",2
"Big thank you to Mohammed at Walthamstow‚Äôa vodaphone branch for great personal service recently, taking tine to advise on the best solutions for me.  Customer care at its best!",2
Kellie was very helpful and knowledgeable. I felt at ease with her and will always return to ask for her personally.  Thankyou so much kellie,2
Went into store as the battery on my current device was broken and couldn't charge I was helped by Scott who helped me pick a new phone out that suited my needs and budget,2
"I wanted to take a moment to express my gratitude for the outstanding service I received from Aaron (Gyle, Edinburgh) he was incredibly helpful, patient, and went above and beyond to address my concerns. Thank you for having such a dedicated team member!",2
"Bo was very patient throughout the entire process when I ran into some issues at the store and we even had lovely chat, 10/10 customer service",2
I had my phone stolen and came into Vodafone Camden for a replacement. Gagan was very knowledgable and helpful. I saw a Vodafone advisor straight away and left with a new phone within 30 minutes. No complaints,2
"Namira served me today at the Redditch branch, flawless customer service she helped me sort out my new phone and also saved me money on my broadband",2
Had some issues with my account came in and met Lina who helped me she was fantastic and super friendly,2
We were well looked after by Amanda who was very knowledgeable and friendly and persevered to get the work done despite having computer problems.,2
"Excellent customer service from Eamonn. He was friendly, very informative and answered all the questions I had. He went over the contract throughly. Also wasn‚Äôt rushed and found a great deal.5/5",2
"Amber is lovely and knowledgeable, helped set up my devices and we had a great laugh! Definitely recommend Vodafone kendal, all staff are lovely",2
"Mikey was amazing, he provided an excellent service. He was so understanding, and helped me choose the best package.",2
I came to the bullring store to pay my bill as i have a hearing issues. Javid was very helpful and assisted me in paying my bill over the telephone. Exceptional polite gentleman,2
Came in to hitchin branch delt with Glenn and Mutzy had phone problem which they both delt with amazing 5 star service would highly recommend,2
"Went above and beyond with the help very polite and friendly, no problems whatsoever and I‚Äôm very happy with the service.",2
The customer advisor Theo who served us was very helpful in taking us through the options we had and to get the best phone and package to suit our needs.,2
I found James most helpful. Explained exacting what I was offered.Very pleasant individual and great customer service skls.,2
"Superb service, many thanks. Extremely helpful and sorted us out with great deals that saved us money. Highly recommend a visit to the Rochdale store",2
"Everything went smooth and easy, Luke gave us good and straight forward help in what we needed and his charisma really brighten up the day.",2
"Great experience at Vodafone today. Staff very helpful, friendly & pleasant. Managed to do what I came for abd was even offered a drink! Thank you Ahyana & Molly xx",2
"Working with Aysha is an absolute pleasure. She is an exceptional employee who consistently goes above and beyond in her work. Her collaborative spirit and willingness to assist others create a positive and productive environment for everyone around her. Aysha‚Äôs cheerful demeanor and approachable attitude make her a joy to work with, and her professionalism shines through in everything she does. She truly embodies the qualities of a dedicated and dependable team member, making a meaningful impact on both her colleagues and the organization as a whole.",2
Tom was amazing helped me get my new phone set up and downloaded WhatsApp for me too. Amazing service,2
"Two thumbs up for Ben, the sales advisor we've spoke to. He is so helpful, polite and respectful.  Highly recommended ‚≠êÔ∏è‚≠êÔ∏è‚≠êÔ∏è‚≠êÔ∏è‚≠êÔ∏è",2
Very supportive customer care officer her name is savera. She is very polite and very helpful,2
"Amazing customer service from Scott today at Vodaphone in Worthing. Patient, kind, knowledgeable and thorough with all information and paperwork involved with the process of my i phone upgrade. Thank you very much Scott.",2
I had a problem with my phone and Carl was amazingly patient and even though the phone wasn't sorted he helped me with my alternatives.,2
My experience was brilliant. It was really fast and easy and very nice atmosphere will come again.,2
Lauren managed to get me a new phone whilst reducing my bill really happy with the service and manager Ryan was really helpful too 10/10,2
I visited store for porting my sim card and getting a postpaid sim. The store staff is very cooperative and Mr Manoj is very supportive in providing additional plans and benifits.,2
Been with Vodafone for a fair few years and always happy with their service and price.Corey was exceptional helpful today,2
Ash was very helpful in setting up my new contract and phone explained everything in simple terms and got us set up.,2
Excellent service from Jonathan at Vodafone. Very kind and explains everything very well üòä,2
Just came from vodafone Branch in Kettering and observed the best service from sniya she is absolutely brilliant the way she talk and explained everything that‚Äôs impress me a lot ‚Ä¶‚Ä¶and also she is wife material üòú,2
"Great service,quick and efficient!sorted out my problem with iPhone,would recommend Nat to my friends!!üëç",2
My mum and I went in with an issue about her monthly charges and we got very excellent customer  service from Manoj,2
"We had really great service from Daniel today in the Kidderminster store. Despite several issues with the online ordering process, technical and otherwise, he remained cheerful and chatty and kept us fully informed throughout.",2
Tom was great help setting up my phone. I always have a lovely service when coming into this store,2
Really happy with overall service. Joshua took his time to explain everything.  10 10 experience,2
Great service by Kinza she made sure I got an excellent deal on my new phone. Will be recommending my family and friends. Thank you Kinza,2
"Jamie was brilliant, clearly explained my new contract details without over complicating things and was polite, friendly and honest.  Would definitely recommend üëç",2
Very friendly and helpful. Knowledgeable and was able to help sort contract and helped set up new contract . Would happily speak to again,2
Ethan and Corey went above and beyond to help me as a very stressed customer.Stayed late excellent service,2
The gentleman in the store is always so helpful and guided me in finding a new phone. He made the process so easy. Would recommend this store.,2
Very good and helpful customer service by Gurpa today. Thank you for your patience and clear information.,2
"It was a great experience . Dan and the team were just amazing in providing all what I need and more . They were so friendly , helpful and I ended up with a great service.",2
Sales person Michael very helpful in getting me on to the broadband that I required,2
Popped in to remove secure net from my two plans in store today. Very quick and efficient. Great job Natalie!,2
Excellent customer service. Yousef was very helpful and found a very good deal that suited my needs.,2
I can‚Äôt thank Max enough for all his patience and help. Amazing customer service!,2
I had a really positive experience at Vodafone Chris who helped me find the right phone for my needs and within my price range he was super friendly and really easy to talk to throughout will most definitely be asking for Chris next time really happy with the phone and the service,2
"Amar was amazing, I came to collect my new device and return the old one and he set my phone up for me. Thank you Amar",2
"Was served by manoj who was very helpful,polite and informative.All in all great service",2
"All was very good, Luke was very professional. I had no problems understanding him. I felt my needs listened and all went through.",2
Been looking to join Vodafone and keep my number as worried I would lose it.Alwx was a huge help and went through the process with me step by step. Very happy with my purchase!,2
Venus was amazing with her customer service skills. Her energy is through the roof. Super polite and friendly,2
Thank you Kevin for sorting us out. You were very patient with my friend who is not great with technology.,2
Great experience upgrading my phone and sim. Harry was patient and knowledgeable which made for a stress free experience üòä,2
"5 STAR customer service, Ben is really professional and friendly. He got us the best deal!",2
I was offered a good deal for a new iPhone 16 Pro Max by Aqif at the Middlesbrough store. He was very helpful and made the process as smooth as possible for me.,2
Excellent service from Tom. Deal had changed as we couldn't get in because of the snow but Tom made it work. Very happy.,2
Natasha sorted me out an amazing deal on a Pixel 8 Pro. She is a star and goes the extra mile.,2
Micky was super helpful and showed great patience with a technophobe !,2
Had an absolutely top class experience sorting myself a new phone thanks to Mitch - extremely helpful in finding me the best deal for what I have and will definitely be recommending this store thanks to him,2
Very helpful staff Boryana assistant manager was very patient and professional if had a shop ill employ her,2
"Demi made upgrade process really easy, also got a great deal on Broadband. Knowledgeable and v. Friendly!",2
Graham and matt were fantastic saved me money on broadband,2
Great service from Cheuk in Bracknell vodafone store today!,2
Lesley and Amy were very accommodating. They let me know everything I needed about a new phone! Thank you for the service! Would shop here again!,2
"James the assistant manager made this experience great, efficient and humorous, extremely friendly and needs a promotion to franchisee. And please give his establishment more stock",2
Made the switch over very easy and straight forward and cheaper than current provider.,2
Namira very friendly and helpful. I liked how she wasn‚Äôt afraid to do colleagues for advice if she wasn‚Äôt sure,2
Fantastic Adam really helped me outGreat customer service,2
"I was seen right away, no waiting and Niki was very helpful in upgrading my plan.",2
"Thank you to Kev from Vodafone in Wilmslow! Great advice, very friendly and make me feel not silly (given I'm rubbish at phone things!). Thank you!",2
"Phan the assistant manager was absolutely brilliant, I could not of expected the outstanding service that I received, cannot speak highly enough of her",2
"Just completed a new upgrade with Katy who was brilliant, very helpful and informative, sorted out a brilliant deal on a Samsung S24 Ultra, very happy with outcome and all the other staff were spot on, would definitely recommend this store.",2
"Ruchi (Stratford - Westfield) was very helpful and  presented multiple options with regards to models, finance and delivery. Very good service.",2
It was excellent we really had good timesHe was kind and generous.Thank you so much for this support you provided for us.He‚Äôs name was Mani.,2
Really good service from Stuart! He helped me to choose the best plan for my broadband and sim and he was very helpful and polite ! Many thanks,2
"Brilliant service from julie and tara, very understanding with my needs",2
Really helpful regarding phone upgrade and trade in of my old device.,2
Great service. Joe gave the best options available and was honest that my current deal was the best deal.,2
Came in for an upgrade and Lukas surpassed my expectations. Thank you.,2
Olly was very informative friendly and down to earth I appreciated his help and advice,2
Went to vodafone shop in Westfield and Hichem the manager has giving me a great service and amazing experience,2
Taz helped both my wife and I find a good deal again. She wasn't pushy and kept going back to find the best for us.Thankyou.,2
Easy to work with Jacob easy process from start to finish and walked out with a new phone,2
Charlotte - very helpful and patient very happy with how I've been treated thank you,2
Great customer service in store will definitely be back with any issues,2
Dhruvesh very helpful again with my roaming queries  thank you,2
Bilaal was great company an he sold us a great new contract.,2
"Omar was spot on, perfect deal delivered and I would recommend",2
Able to upgrade quickly and easily with Joe. Good knowledge of plans and options.,2
Chris was very helpful and advised me the best suited device for my needs.,2
Staff really helpful and looking for best offers for customer,2
He made me very welcome and he was very helpful and anserd everything i wanted to no,2
The staff members Karl and Brandon helped my wife with a new phone she had purchased both helped and were very knowledgeable  about the problem she was experiencing  they both helped to resolve the problem and she was a very happy customer leaving the store thank you very much couldn't have asked for better service,2
Okay was helpful and efficient helped enlighten me on my issues,2
Friendly down to earth customer service. Made our purchase quick and easy. Thanks a lot,2
Really helpful and friendly staff. Phone fault was rectified very quickly.,2
Staff member Lydia Rah has been very helpful and friendly.,2
Jack is a  very helpful young man who has helped me when I‚Äôve needed it,2
Simon understood our needs and came up with the perfect solution Haverfordwest branch,2
We needed a new sim plan and Dan found us a fantastic deal and also saved me money on my sim plan too. Thanks Dan!,2
Couldn‚Äôt have wished for more brilliant service from archy,2
Jamie was very helpful and explained everything to me,2
Dhuran was incredible and his customer service reassured me that I was making the rights excision by staying with the Network,2
Fantastic service from Sean and Elise,2
I went to store for a data transfer on my phone. Rob helped me with this and the service was great,2
Very helpful but the system is too slow with thanks,2
Neil was helpful & friendly with a lot of knowledge.,2
Great service for the fourth time in 2 months. Will come back for excellent deals again. Thank you.,2
Tom‚Äôs been great! Answered any questions I had and made the process very simple. Top man,2
"Dealt with Lukas, was very helpful and friendly.  Happy with the new contact provided.",2
Thanks Aaron for helping me with my upgrade!,2
"Jonny was great with Everything , cam in the update my email and came out with a new phone.",2
Great service and look after their customers,2
Upgraded to sim. Jacob was very helpful,2
"Amzing service from Hadi, talented young boy",2
Great  personality and explained everything very well,2
Caleb Evans was a legend! He was patient and listened and worked through right plan for me,2
Jordan was really helpful setting up my new phone,2
The staff were fantastic,2
Chris gave us 5 start service and made everything so easy!,2
Sam was great. Sorted my problem out straight away!,2
"I came in to help with my email set up, jay help me set up my email",2
"Sree, provided an excellent service, friendly and practical, certainly an excellent provider.",2
Cerys was very helpful and helped me get a good deal,2
Lisa in halifax store was very good,2
Best customer services thank you !!! Ethan /rowan fantastic üëè üëå 10/10,2
Got a new phone from Leena today and was very helpful,2
Great customer service given in store,2
Today i got a very good service from Aysha and was very happyHaslesFrom Dani,2
Jacob was very helpful,2
We were served by Joshua. He was fabulous; very caring and easy to talk to.,2
"Harvey was  polite, friendly, quick and efficient salesperson.",2
Cheuk is so supportive and helpful,2
"Lee is great for helping us, we have a great time",2
Great service,2
John  was very  good at his job  very happy  thank you,2
Excellent people in Vodafone very knowledgeable!,2
Thanks Lee for sorting out my HBB and sim,2
"Conner was very helpful, absolute legend.",2
"Harry was excellent, very informative and helpful",2
Thank you to Craig. Great service,2
Good service they provided,2
Staff were very helpful and friendly,2
"Dealt with lisa, great service",2
"Excellent, first class service .",2
Luke has been fabulousThank you,2
Very helpful & knowledgable gentleman. Highly recommend,2
GEORGIANA its super üëå,2
"Took a trip to Vodaphone Ashford today, needed to replace my iPhone 6 üòÇ.Joe in the store was most helpful, knowledgeable and sorted everything for me üëç.Had a great experience, definitely would visit again!",2
"We had a very good experience, Mirza was very quick and professional - made the process as seamless as possible",2
Great service from Viktoria. Quick and easy trip into Vodafone to upgrade early.,2
"Came in to possibly upgrade my iPhone.Manoj, helped me upgrade to the iPhone 16. It was very smooth and easy to do.",2
Robbie was a huge help and a legend !,2
"Guys, my positive reviews are not frequent. I had a BT broadband for many years - 80 pounds for 80MB. My son switched me to Vodafone - 30 pounds (first 2 years) for 500MB. The new router looks much simpler than the BT one but is much better - for two months I never had a disconnection sitting on the second floor (router is in the gound floor). Highly recommend.",2
Sharna was very helpful and a pleasure to deal with.,2
Andreas helped me with my add line and home broadband upgrade,2
Ash was very helpful and friendly,2
Omar was really helpful helped me move my number over using my pac code and got me a good deal,2
Kully is a nice and very friendly guy.  And he is very very funny. Gave me such a good deal and gave me all necessary details and answered all questions I had and was very patient with me. Definitely I recommend him if you need to get a deal at Vodafone done,2
"Was seen by Mehmet, he gave me a great deal on my sim as well as giving me a great deal converting me to Vodafone broadband. He was very knowledgeable and explained everything clearly. Would recommend getting seen by Mehmet",2
"Kully is such a good guy man, I'm gonna come here and get a new phone myself he's such a good salesman and such a good laugh, definetly needed that after a hard day at work. 10/10",2
Amazing serviceTahar saved me a lot of money.Thanks to him.,2
Very polite and solve my problem with no issue,2
Professional sales by Rick,2
Really helpful staff in Northallerton store. Thank you Ethan and team.,2
"We were attended by Drew, who we cannot praise enough. He was extremely patient with us, and went through all our queries, both mobile, landline & internet and we end up saving us a decent amount of money. üòÄ",2
"Patient, knowledgeable, no pressure but pointed out possible changes and full costs.",2
"Came in to sort a payment issue on our account, sorted easily and straight forward. Very friendly and helpful staff",2
Brenda's was very helpful and knowledgeable,2
Went to runcorn yesterday didn't have a good experience so went to widnes and had an amazing experience Jonny and Ash so helpful and great customer service,2
"Katie, was very helpfull today! Great customer service",2
Had a great service from Charlotte had such a laugh and made very comfortable well done and thanks,2
Zack couldn't have been more helpful.  Thank you Vodafone,2
I had a very nice experience the staff Boryana was very nice to me,2
Came in to Vodafone Hitchin saw Glenn & Akila got fantastic upgrade deal 5 Stars,2
Excellent customer service. Everyone was really helpful and I would recommend Vodafone Bury to my family and friends.,2
Zac and Amy absolutely brilliant sorting out my new phone.,2
Ryan and Alex were both extremely helpful and friendly. Got the best deal for me.,2
"Great, Alex was wonderful",2
"I was served by Liam in the Stirling Store. He was extremely friendly, welcoming and helpful. I‚Äôm very thankful he‚Äôs made the transfer of my old phone to a new iPhone so easy.",2
Set up my broadband today with Jonny and despite the problems on my end he was really helpful and got everything set up for me. Great service - Craig,2
"The customer service was great, polite & courteous",2
Chris served me. He knew his stuff and nothing was too much trouble. I was very happy with the service I received.,2
Excellent Customer ServicesFixed an issue with contract and upgraded with no hassle. Credit to vodafone. Thanks,2
Thank ou for helping me with my new phone was a great experience,2
"Got a new contract and Laura in Bluewater was amazing. She was patient, friendly and professional. Left the shop with an amazing offer. Thank you",2
As always the staff were very helpful.Garry in particular was extremely supportive and helpful despite there being severe technical difficulties with the system,2
"Jess is amazing ,i love her ,keep the great work .",2
"I had a problem with my SIM, Alex was very helpful and spent time sorting it out for me and resolved the issue. I was very relieved!",2
"I found myself in shop to make enquiries about my bill, and I found out a lot has been wrong in the past due to expired contracts but due to the help of Steven I got it fix and a new phone. Very happy!",2
Great customer service Oran really helped bring down the bill,2
Excellent help,2
Experienced great customer service today and was helped with all of my questions!,2
"India helped to book a repair for me.I didn't have insurance so the repair cost me, but India was so understanding she didn't charge me to transfer everything over from my broken phone to my replacement device. 5 stars, great customer service!",2
Thank you tahar for helping me on great deal SIM and transfer of my number,2
Ryan helps us alot and is very humble and showing his great working skills.,2
"Went to the Canterbury shop to see about a new iPhone and getting a new less expensive plan. The assistant- Sophie- who helped us could not have been more helpful and efficient. Found us a more economical plan, helped in the choosing the new phone and was very patient with a lot of questions from two very ‚Äònon-technical‚Äô people.On the basis of this experience I would have no hesitation in recommending Vodafone to any one.",2
Ryan is very good human being ..help us alot,2
Helpful and knowledgable staff who took the time to find the right solution for me when moving from a work phone to my own new phone.,2
Lee made our experience great. He was so technically efficient and had great customer service. He was a pleasure to deal with through the whole process and made an effort to get us the best deal possible.,2
Fantastic service in Farnham from Nikki!!,2
"Alex was very helpful, brilliant customer service",2
Friendly staffNazia she was very friendly,2
"I came into the Vodafone shop by the Cutty Sark station to get a Pay as You Go SIM. Sergiu assisted me and was very helpful. He proposed many options, Pay Monthly etc.",2
Kevin was great. He upgraded my SIM and set up my new phone. Highly recommended!,2
Tom wos very very helpful üëå,2
Luca was really helpful,2
Richard was great. I popped in on the off chance with several queries and he dealt with them all with patience and humour,2
Was served by Tommy and Sharon. Very friendly and very professional. Would recommend :),2
Very nice experience today with Chaen (apologies for misspelling your name) and Dan. They were very helpful. Chaen explained everything perfectly and answered all my questions. Amazing customer service so far! 5 star,2
Good very clear and easy to understand and I would recommend Hannah,2
"Hannah, was amazing today really helped and has made her customers very happy.",2
"I had the pleasure of speaking with Dinath regarding my phone contract, and I am thoroughly impressed with the level of service I received. Dinath was incredibly knowledgeable and took the time to explain all the details clearly, making sure I fully understood my options. His professionalism and friendly demeanor made the entire process smooth and stress-free. Thank you, Dinath, for your outstanding assistance",2
Always great service by Mark,2
"Amy was fabulous, Chloe was hilarious and Charlotte was the best. You all deserve a pay rise.",2
"Carl and Seana were great help, been in twice and both times we 100% good experiences.. had the option of getting my contract through the telephone service by Vodafone but chose to use the store due to Carls great customer service helping me get the phone after a few issues.",2
Stuart have been brilliant. I'm very happy with all the aspects regarding my new contract. Top man. Thank you very much.,2
Namira was the really efficient and really good at her job . Dealt with us really well the whole process went  so smooth and we were out the store with my new IPhone Pro max 16 hurray!!!,2
"Donald was really helpful today, explained everything clearly and did a great job! Thankyou",2
My experience with Vashal was great he is friendly and managed to help me and I am greatful,2
Brilliant customer service by Sully.He was helpful and courteous.Thank you Sully for all your help,2
"Leah was extremely helpful today, very personable and took time to help with the issues I had.",2
I lost my phone few hours ago. Visited store and Staff help me straight away block the sim and offered new device. That was the best without stress visit in Vodafone.,2
Fantastic service. Help me to swap sim and offered new cheaper plan.Thank you Team,2
Mark was very helpful sorting my sim upgrade and helping with account issue,2
"Good overall experience, very nice cool guy Matthew assisted me very pleasantly, the other two ladies including Racheal were nice too.  I would definitely recommend Vodafone Wythenshaw they cool, chill and professional.",2
"Crystal listened carefully to my issues with my existing plan, offered a much better option and had the patience to sort it all out on the day. Two days later when I returned my old phone and needed help redeeming my free gift the two members there were extremely helpful and sorted everything out for me. Extremely pleased with all the staff at this branch, Gloucester Cross",2
Holly was extremely helpful today and explained everything clearly a very nice person to do business with,2
Stuart is very helpful and sorted my problem. Fantastic!,2
Luke was amazing in helping me get my new phone and also transferring my data across. Really polite and friendly as well,2
Ayodele guided me and he is very good in his work.,2
Graham was amazing today. My mum needed to update her contract as she was massively over paying. Graham managed to save her over ¬£40 a month and was so lovely when helping us. My mum was really impressed with his patience and clear communication.,2
Bilal was great and had amazing customer service.,2
Keanon very helpful and friendly  and gave us very good advice thankyou,2
"Thank you, Tanuja, for your help in the technical department. I hope your manager gives you the credit you deserve.The buying process was simple and easy‚Äîexactly what we like. There was no upselling or badgering, just a straightforward website or, if preferred, a webchat to ensure you got what you needed‚Äîno more, no less. 10/10 for that.Regarding delivery, I was regularly emailed and texted to ensure I was aware of my router delivery. It arrived at my old address, and the setup date coincided with my move-in date. When I moved in, the first thing I did was plug in my router, and voil√†, I had broadband! Sending the hardware to a safe location and allowing me to handle the setup was a great approach.Once set up, I immediately connected the 2.4GHz network to my smart devices. My laptop, phone, iPad, my wife's laptop, phone, iPad, and approximately 15-20 smart devices‚Äîincluding lightbulbs and sockets‚Äîwere up and running in no time. This had no impact on speed, and the network analyser provided a clear picture of what was happening.The app and web interface make BT look like child's play. Vodafone provides access to everything a network engineer could want, all within an app. This makes troubleshooting devices and connections so much easier. 10/10 for this, Vodafone‚Äîyou‚Äôve stolen my heart.The web interface is equally impressive‚Äîsimple and easy to use while delivering information rapidly. Want to see your network visualised with fancy graphs? Check out the analyser! Want to know what devices are connected to which band? You can see that too! Need to set up a second network just for your gaming PC? Be my guest‚Äîit takes half the time compared to the BT interface.Now, the bit you‚Äôve all been waiting for‚Äîspeed. I was told I would get a maximum of 65Mbps, and I consistently get 65Mbps on all devices, no matter where I am (with one exception, which I‚Äôll cover later). I can be in the bath watching tech videos, in the living room watching tech videos, or even on the moon (theoretically), watching tech videos‚Äîall in 4K with perfect audio and no buffering. The speed they promise is the speed you get.Of course, Vodafone uses OpenReach's infrastructure (I believe), so your speed should be the same as your last provider unless you're with Virgin, who run their own infrastructure. The real difference lies in Vodafone's hardware‚Äîand this is where I hit a small bump in the road.My fancy desktop PC sits in my office, 10 metres from the router, in a flat with thick walls. Everything else in the office works perfectly‚Äîsmart lights, phone, MacBook‚Äîbut my PC failed to connect. Despite having a PCIe network card capable of finding both 2.4GHz and 5GHz networks, it couldn't detect my Vodafone network. After an excellent webchat with Tanuja, we determined the issue was simply the connection between my PC and the router. Moving the PC was suggested‚Ä¶ but come on, Vodafone, you want me to set up my desk on the stairs? While I appreciate Tanuja was following protocol, I politely declined and temporarily placed the router halfway down the landing. Thirty-three seconds later, I was back online. Happy days! Now, I just need to explain to my wife why half the TV unit is sticking out of the doorway. Sadly, I don‚Äôt think Vodafone‚Äôs webchat can help with that.I do feel Vodafone should offer at least one broadband booster, relay, or extender. These devices don‚Äôt enhance speeds but extend the signal. I was told I‚Äôd need to upgrade my plan to get one of Vodafone‚Äôs plug-and-play systems, which, for me, is pointless since I already have the fastest speed OpenReach provides in my area. Why pay an extra ¬£240 over a 24-month contract for a booster when I can buy one from TP-Link, Netgear, or Ubiquiti for ¬£50? Vodafone should consider offering one booster per customer experiencing connectivity issues. Given that my flat isn‚Äôt that large and everything else works fine, it‚Äôs disappointing they don‚Äôt provide one without additional cost.Overall, Vodafone has won a customer for life. Thanks to their Blue Light scheme, outstanding customer service, and excellent overall experience, I‚Äôll likely switch my mobile phone contract to them when it‚Äôs up for renewal. Well done, Vodafone!",2
"Sean from Vodafone got me a really good deal for my new phone! He moved my data across to the new phone and took the time to explain how i could get my wifi at home for cheaper with Vodafone, very impressed with the service and knowledge!",2
Ads was excellent. Clear advice about our options. Very happy with our new plan,2
Agent Brandon Watkins gave excellent customer service. Managed to help the experience with getting a phone alot easier and helped me alot,2
I popped in store to get some help with my ringtone on my phone. Chris solved my problem and then Dan saved us some money on our costs. Great service from Dan and Chris.,2
Outstanding service from John. Explained everything that I needed to know (in layman‚Äôs terms!) was professional and & very patient throughout. John is a credit to Vodafone - service above and beyond; thank you!,2
Thank you Billy. Great to talk in person,2
Very helpful young lad billy üëç,2
"Omar was great, good customer service, asked good questions and tried to understand me as a customer",2
"Absolutely AMAZING! Nothing better than face to face customer service, especially when your needs and requirements are listened to and you receive great advice and solutions. What made it even better was the friendly, happy and professional service provided by Leah. This has proven to me that shopping online isn't always the best and nothing beats actually talking to someone. Thank you for reminding me of that.",2
"As a young man I was Rik Mayall in the Young Ones. As a pensioner I have turned into Alf Garnett. With the amount of arrogance and incompetence that I find, I've plenty to moan about. So what a breath of fresh air to receive outstanding customer service from Hannah at the Vodaphone shop in York.",2
Excellent service from Kellie sorting me out with new phone and reducing my overall monthly bill for the family,2
Every time I step foot into this store I am greeted with a big smile and incredible service from everyone. Sunni was so helpful and really took the time to answer all my questions and sort my phone issues. Having a provider like Vodafone makes the stress of figuring out phone plans less daunting!,2
"Fantastic service from Tommy. Very friendly, and explained clearly the various options. Very happy with the deal found, and the service I received. Also helped entertain my 4 year old!",2
Sam and Brad provided great service,2
I spoke with Aman today on their chat bot system and I am so glad I switched back to Vodafone from Sky. I needed to register as there was a cross with an old account and it was all sorted in under 20minutes. helped me figure out my data usage and future allowances. Could not be happier!,2
"Plamen is true asset to Wisbech branch, it's really helpful that he speaks few different languages and can easily understand each other and get to the deal I wanted much easier",2
"My husband and I visited the Vodafon this morning.Ainsley from Sutton Vodafone was professional and polite, he explained everything precisely and simply about our contracts and bills that have recently been coming in too high. Ainsley is a friendly, patient person and we are happy with the service he has provided to us.",2
"Thanks to Plamen I've got the phone I dreamed about, got me a very good second phone deal to my existing account, thanks again!",2
"Sam was very helpful today , and friendly",2
Richard was extremely helpful in renewing my broadband and reducing the cost of both broadband and mobile plan. Would recommend Vodafone in Wisbech. They are always very helpful.,2
Very knowledgeable a d patient easy to recommend,2
Lukas was very helpfully with my getting my new phone in the Blackburn store,2
Brilliant great,2
jack helped me with claiming my samsung Chromebook,2
Friendly staff. Knowledgeable about the products.Sam was very helpful,2
"Great service from Jack today, very knowledgeable and made the whole process painless.",2
"Staff member Kian from the Trafford centre store was so helpful , kind and supportive. Very efficient and helped us in a timely manner. Great rapport and communication. Amazing team member and is a credit to vodafone",2
Great customer service and help with id verification,2
Aanil‚Äôs superb engaging customer care skills listening to my actual needs. Thank you,2
"Today I picked up my new mobile, from the shop in Bognor Regis. I would like to say a big thank you to both Vydmantas and Joe who made our purchases really easy. What lovely, polite lads. On both visits to the shop, we felt that they went the extra mile for us & other customers in the shop while we were there. I cannot say enough about how patient they were to get things right for us. Please pass on a big thank you.",2
"Went in today, stressed and getting upset spoke to a lovely lady called Becky who help me really well I don‚Äôt know what I would‚Äôve done without her. Thank you from the bottom of my heart for your help. I would recommend Vodafone any time.",2
Jacob was really helpful and friendly and advised me on my phone contract and got me a better deal and also signed me up to broadband which is saving me even more money. Excellent service.,2
"Visit  to Poole shop, & once again Dan B has given excellent  service  !! Very knowledgeable,  helpful , knows what he's talking about but above all honest, trustworthy,  friendly ..well done !Would reccomend , definitely  deserves recognition for his hard work !",2
"Have forced upon myself several mobile phones. To  look after and check upon for work. All with Vodafone contracts and they appearing to be a good idea. However 1 has been causing problems. Only a year old  will not start or play ball ... important one amongst them all. Nipped in  to Vodafone Bridge St. Worksop and in a bit of a tizz James.  James Methodically went through Security, which put my mind at ease. Then went through things explaining but Whooshter overy head. He confirmed my suspicions not immediately but calmly it's ' buggered ' no messing around went through some options BUT MOST OF ALL none,  NIL, no attempt at trying to get another mobile contract upgrade etc etc. really found James to be a Proper 100% guy, yes a salesman man but someone whom listened and treated me how I would treat people.",2
Danna very beautiful girl and helped me find a good deal and good numberVery good customer serviceVery happy,2
"Chris at Crystal Peaks, Sheffield Chris was very helpful in finding out what had happened with my online order that had been cancelled with no notification.  He set me up and ordered my new phone and was very helpful all round",2
"I recently had my phone stolen in central London and ordered a phone through a call with Vodafone. After a lot of difficulty I came to store for help. I was instantly supported by Sunny and his colleague Jay, who helped me to get a new phone and a better contract. Whilst we waited for some complications to be sorted through the Vodafone customer care team, Sunny called me every day to check in and advised me as soon as my phone could be collected.The team here are fantastic and lovely people! Thank you so much.",2
"Very clear information from Liam. Not pushy, just worked through all the key points, a pleasant experience at the Scunthorpe branch. Also the Galaxy gift was a pleasant suprise!",2
"Gillian was really lovely and welcoming, we had a great chat was lovely",2
Chan and cam were amazing so helpful as always. Will keep returning to Vodafone due to there customer service skills,2
Mr Tahar has given us some great deals and he is a very kind person. He showed us the best deals and he was kind to us.,2
"I simply cannot thank Ellis and Emma in this shop enough - they are a credit to the company they represent. It took 3 hours in total, over three visits, to sort an issue with my partner‚Äôs contract and services to their phone. Unlike ringing Vodafone Customer Service, who told me it was a problem with my handset, Ellis and Emma persevered in store and resolved the issue. They deserve recognition for this. Thank you so much üôè",2
Jacob has fixed my phone and renewed my plan! Deserves a promotion!,2
"Amy was brilliant, we achieved everything I was hoping to, with no fuss and a lovely smile.",2
..mathew and gillian at  vodaphone Blackpool shop were extremely helpfu land freindly ad slways. I boight aother phone  today,2
The service I received was very good and the gentleman that helped me was very friendly and helpful his name was Yusuf,2
The employee lee  was great and made everything easy and easy to understand definitely an easy and calm process,2
"Bilaal, in the Stockport branch was super helpful. I felt for him as when I first arrived a system crash prevented us from completing the update. However we kept in touch on messages and today I went in to complete the transaction. Service and friendliness (and transparency) was present throughout, we had some lovely conversation and I‚Äôm leaving very happy.",2
Lovely mark fixed my phone for me,2
Luca was very professional and helpful,2
Harry was very friendly!,2
"Jacob gave good communication, good offers, good deal",2
Today I went to Vodafone to upgrade my phone I've been with them 12 years + and Today Alix served me order no DHD 0000000353476767 and nothing was to much trouble to explain to me tell me anything I wanted to know the only trouble was Vodafones computers are so slow stalling playing up but Alix over came that and done a excellent job,2
"My assistant in the Corby shop was Muni, he gave me confidence that he was giving me correct advise in terms of the best mobile phone contract for myself, he also answered all my questions regarding the phone I decided to purchase. I can honestly highly recommend this store for personal service. I wish all customer service was this good. Thank-you Muni.",2
Andrea's helped me get a good deal on my upgrade.,2
I visited the neath store where Karl and Brandon were amazing in helping me transfer my data from my old phone to my new one as I had important photos and data that I needed on my new phone but didn't know how to do it. They were very friendly and knowledgeable and managed to do the transfer for me in no time. I can't recommend this service enough to anyone. Thanks again,2
gorgeous girl with super good customer-facing attitude,2
"A big Thank You to Alexia!Moved over to Vodafone from 3 and I'm delighted with the package I bought as well as it being considerably cheaper and far better value.Alexia was very knowledgeable, friendly and efficient and made the whole experience very easy.Thanks again!",2
"Excellent, patient, attentive customer service from lovely staff at Alahambra BarnsleySorted out a better mobile deal, tailor made to my useage requirements. Will be back when my wife's contract comes up.",2
"Jamie was fab and super helpful , especially with an elderly relative",2
All round great service! Couldn't recommend more,2
"Katie was extremely helpful when we came in to change our phones, she explained everything very clear and simple and it was all done very quickly. Thank you !",2
"Thanks Dan for helping me with a new contract after putting it off for months, I'm really excited for a new phone!",2
Alex was extremely helpful. I had a wonderful experience.,2
Daniel has helped us today with our questions and sorted us out with a better deal on our aimsVery happy thank you.,2
Went in to upgrade phone. Danny was very helpful and sorted me out a great deal.Very happy,2
Raj was the consummate professional . My wife and I are both in our seventies and Raj explained in detail our options with both telecoms and internet speeds to meet our requirements. Impressive customer service. Well done and many thanks Raj üëç,2
Xinyi was great at explaining the different options to me. She‚Äôs very intelligent and has excellent communication skills - a very helpful assistant.,2
Eddie explained everything brilliantly . Great service.,2
I come in the get help with my account keanon was really polite and helpful can finally sort my billing out,2
"As phone companies go, these guys have been pretty good to be fair. I‚Äôll probably stick with them forever.",2
"I came into the store exploring options for a new phone deal . I was warmly greeted by Taz , who made the experience so much easier . Their knowledge of the deals ensured I left as a new customer and with a fabulous selection. Excellent customer service !",2
I visited Natalie at the Fort Shopping Centre who was amazing. She made my mum feel so much at ease with a change over from android to IPhone and managed the whole process so seamless whilst explaining everything as she done it.At the same time Natalie was able to review my own tariff and get me on a much cheaper one. Amazing service from Natalie and would definitely recommend to others.,2
Thanks Aaron for helping me transition to pay monthly. Great service!,2
Shaun the sales assistants at the Livingston Vodafone shop was so considerate and helpful! He made the transfer of my old phone to my new iPad and iPhone so smooth and easy. I would highly recommend Shaun to any future customer coming into the store,2
Had an amazing experience today in store the lady I didn‚Äôt catch her name was so lovely she had been working there for 12/13 years. She was so professional friendly and really explained things well. Amazing customer service experience for me. She really went above and beyond. Vodafone is lucky to have her as part of there team. They were all so welcoming rather than three aswell as changing my phone contract I will be changing my broadband because of her excellent customer service. ‚ù§Ô∏è,2
Corey helped sort out my new phone for me and I'm very happy with his service at Vodafone.,2
Nice and fast service üòäüòäüòäüòäGood experience with Lee,2
"Just want to  say how unbelievably helpful Khalid was at Vodafone store in Ealing.. he sorted and explained everything out and helped set up my new broadband and phone account, moving it from Sky to Vodafone..  he was superstar and was very happy to help me out as I‚Äôm not very techy..",2
"Very helpful instore, wont go anywhere else now for my upgrade",2
Excellent service from Aimee very pleasant and helpful,2
Levi was really helpful at upgrading my phone he was really professional and easy to talk to. Keep up the great work mate.,2
"Jacob is a very nice young man, got my name right",2
Mikey got me a great Sim only deal and will change broadband when it is due! Many thanks,2
Luke was very helpful and put us at ease regarding costs etc. 10/10 Would recommend to a friend :),2
Great service and fast helpful transaction from Merhban,2
Keanon was extremely helpful.  Explained everything clearly and was knowledgeable and informative.  Helped us choose the best option for my husband's needs.,2
"Julia was great help, gave me all information about products and did a easy hassle free upgrade and transfer for me",2
Nice service,2
I‚Äôm blown away by the customer service Denisa gave me in store today she was phenomenal she went above and beyond to find me the best plan and gave me some great advice and even got my bills down which helped me a great deal she is lovely individual and Vodafone is lucky to have her!! Thankyou so much Vodafone for employing such wonderful hard working staff that exceed expectations! Naeem was also a total God send they both really had this tag team efficient working thing going on and it was just so amazing. Thankyou to you both!,2
Very happy with Bhavin he was really good looking after my needs,2
"I called in to talk face to face to a person about my contract ending.I spoke with Robert, Rob was very helpful and knowledgable.He went through offers and I signed up to a cheaper contract. I then went on to discuss broadband and again signed up to a much cheaper contract. Well done and thanks to Rob, as system glitches we're not helpful.",2
Sunny was such a superstar in helping us out! He found us the best deals and broke everything down in a way that was super easy to understand. Huge shoutout to Vodafone Cambridge for having such wonderful customer service! Great job!,2
Mason was brilliant and sorted me out a good deal. Thank you,2
Brilliant bunch of guys fantastic service highly recommend,2
"Charlotte - very happy with chlotte  thank you, customer service was great.",2
Tuhin very  helpful,2
Great experience- patient staff and knowledgeable. New starter Mohamed has been great!,2
Thanks for your great customer service Craig at the Bridlington Vodafone shop today. Managed to save me a few more pounds on my monthly bill.,2
Absolutly amazing,2
Ken was extremely helpfully,2
Subz helped me with my new contract and was fantastic. Was very clear and explained everything thoroughly to me. 5 star service.,2
Excellent service by Leigh really impressed with the knowledge and help to get me on the right packages for me and my wife with new phones and Vodafone contracts effortless all up and sorted couldn't be more happy will be letting family and friends knowWell done Vodafone Dunstable (Leigh),2
Bilaal & Omar at the Stratford-Upon-Avon branch were very helpful in sorting out an issue on my phone.,2
"Came in unsure on what phone/contract I wanted and what suited my needs, I was helped by a lovely lady called Katie, nothing was too much trouble for her and she made time to sit down with me and go through different options explaining everything for me, she was so patient. I can't wait to receive my new phone! Thanks again",2
Great service  from the ladies this morning  very friendly  and helpful,2
Very kind and helpful service from becca,2
Ellis was very helpful and friendly.Great Customer Service!,2
"Derek was a life saver! I managed to lock myself out my SIM card and in a panic I got myself down to the shop.  Cracking guy and very professional and knowledgeable,Thanks for all your help.",2
"I never had such good experience with any mobile provider . My order was complex and stressful. Aya arranged it very well, was super pro-active, intelligent with tariffs and made this seamless for me. Transferred one number , arranged new tariffs for other two and corrected expensive set up I had which was arranged by other representative.She is far the best mobile Sales representative I have ever met. And has top communication skills.",2
"Omar was very very good, translated for me in arabic and helped me understand everything. Great man thank you",2
I was attended to by Alex,2
I went in the store to make an e sim contract for my phone and I was amazed with the service. Ayo handled my case personally and was able to answer all my questions and led me to the best package for me.Very satisfied with the experience,2
"Aadil he was an amazing and professional.  We enjoyed his service. Thanks Aadil, Big up üòä",2
"I was in Corby branch to find perfect phone for my self. I meet Juliana there and I don‚Äôt have idea how funny can be picking new phone. She is amazing girl, really lovely and friendly. I definitely enjoyed whit her and she helps me a lot and made a greeeeat deal for me.",2
"Chris was amazing really helpful, cheerful and managed to sort us a great deal",2
Great and smooth service with Victor! Friendly and helpful :),2
Excellent customer service by Hasan from Victoria branch,2
Great experience with Jake today.,2
"I was dealt with by a consultant called Justyna and she was absolutely amazing. Extremely knowledgeable and professional in my dealings with Vodafone. I was leaving due to issues however Justyna managed to fix my issues and get me on a better deal at the same time, would 100% recommend",2
"Olly was friendly, helpful and clear.Explained all options thoroughly, made the 45mins in the Vodaphone shop a more pleasant experience than expected.",2
Your colleague was very helpful and patient with me. He helped sort out my new phone after I washed the old one. He took time to transfer everything over for me.,2
Bilaal had great customer service and was a pledger to be served by,2
Manager Sid was amazing with the help on my accounts he understood what I needed from my phone saving me a lot of money bless him I would recommend him thank you,2
Tausifer (Taz) was very helpful and friendly in making my esim process easy and quick. Thank you!,2
Amo is the best assistant we only like seeing him he's so professional and should be manager,2
"Ryan was extremely helpful, listened to what I needed from my mobile phone, gave me comparisons so that I able to choose the best option at the best price. He also gave me interesting information on Broadband speeds and prices, which was very enlightening.",2
Exceptional support and service provided by Vodafone Advisor Danna !!,2
Very good customer service from viken very helpful nothing was too much trouble.Keep the good work up,2
Thank you manoj for all your help,2
Great service from staff Zee helpful with setting up phones for us,2
Nurul is exactly the type of person you want to deal with in a retail environment friendly knowledgeable and a man utd fan :). Highly recommend visiting Vodafone store Barkingside,2
Excellent service and very friendly customer service.,2
He is doing very well he is telling all things very well which is good for usVery well service,2
"Great experience, everything well explained, Jacob was fantastic!",2
Saff made the whole experience enjoyable and was very patient with me,2
"Excellent service, friendly, informative and respectful service by Omar",2
Srija was so kind and helpful and answered my many questions in order to find the best plan for my needs!,2
"I was confused on how to claim for my Samsung chrome book but sanjay helped me out, great customer service",2
Abhi was very good with customer service and explaining everything to us. Gave us a good deal too for both of us,2
Came in to set up my internet for home and was served by Derek was very helpful and helped me out getting it all set up thank you,2
Wes ..excellent staff member very helpful from start to finish helping us thought the procedure making everything clear and simple to understand,2
Gary helped me today with my upgrade and he was great to talk to. Explained everything very well and got my stuff all moved over to my new phone. Excellent service and would recommend this store.I didn't write this review. I will be having a conversation with Gary!,2
"Amazing service from Paula today, renewing my broadband",2
Very helpful and polite,2
The service we got was fantastic Jordon explained everything and in great detail about how to get us the best deal for our broadband and  transferring my wife‚Äôs phone from 02 to vodaphone he was very patience with us and persevered with a computer hitch which meant we were there longer than we would have normally been hat‚Äôs off to him he was terrific - the other staff were excellent too helping out with queries - an outstanding performance all round and a couple of visits afterwards great customer service thank you,2
Daniel was very helpful and did everything I needed without any troubles,2
Seen by Tom in store. Great service.,2
Rayhan customer service was great . He helped me and my Mrs to set up our phone,2
"Excellent service, super friendly and very knowledgeable. Was extremely happy with the help they provided",2
Superb advice and patient support from Taylor !Thanks to everyone at this store !!,2
"Rayhan was extremely helpful towards me and my Mr. As we struggle to do data transfer, he done it for us plus showed us how to use the phone.",2
Asmaa was a star once againMany thanks,2
Kas helped set up my phone and get me a sim for my spare phone. Happy with the service,2
Roisin was very helpful and very friendly,2
Lovely dealing with both vik and James,2
Service was very helpful and very efficient received from Amar.,2
"EUAN WAS VERY HELPFUL and pleasant and talked us through all reliving paperwork, a very pleasant experience ..",2
Wonderful service and helpful stuff helping me transfer my data from old phone to new one.Always star.,2
I met Bo that attended to me while upgrading my contract. The services was so excellent and he was patient enough to explain all about the new contract and the deal that came with it. It was an excellent customer service and I am glad I met with Bo.,2
He is the best staff member I have ever met. He is very talkative and enthusiastic. He helped me solve all the problems and gave me very good products. I hope to see Chris every time I come here in the future.,2
Very helpful and lots of  patienceI would recommend.,2
Very helpful. Honest. Friendly and approachable sales man (David). Spoke naturally and did not over sell. Sorted my upgrade fast and efficiently.,2
Emily is a superstar. She has fixed a problem that has been ongoing for over 24 hours that numerous calls failed to resolve. She showed the patience needed to get this fixed perfectly.,2
Went in to to see if I can get an upgrade. Dan helped me out and he did an amazing job with not only sorted out issue but got me an amazing offer. Amazing service! All very happy,2
Very good service from manoj in the coventry store,2
Thank you for all your help Nathan for mum and me,2
Have always used the beverley store. And always will. Even living in Hull. Staff are always welcoming and friendly and nothing is ever too much trouble. Staff are always in great spirits and the manager is always in then shop flitting between to support them. Such a rarety these days. Set me up amazing to go to new york without the worry of a huge bill. Thank you guys,2
Great service with the tech service team,2
Kai made my day by saving me a lot of money and helping me cancel my old provider and do great service,2
Tahar was amazing very friendly and helpful in sorting out my sim only contract. He‚Äôs a great member of your team and I‚Äôm a happy customer.,2
"Jamie was great today, really great service",2
"Wasir was really great! Super non-stressful, great service.",2
"Excellent and polite service from Waliur in my local Loughton branch, he helped me reduce my monthly costs.",2
Thanks to Amar helping me get a new sim deal. Excellent,2
Carl was so helpful! 10/10!,2
"I visited the Vodafone store in Evesham after receiving a text on my phone recommending that I renew my contract; I  prefer to deal with real people rather than over the impersonal Internet. Ana and her colleague welcomed me and very efficiently brought up my records, explained the options, answered my queries and renewed my contract at an advantageous price. Thanks for being professional and friendly.",2
Thank you savera for help. Really appreciate your time.,2
Amazing service from Khurram and sayed. Helped me reset my Vodafone app and help me with my bills,2
Denisa‚Äôs knowledge and customer service was excellent.  She gave us options and ensured she gave us the best possible deal that suited us.I would highly recommend visiting the store in West Bromwich.,2
Marley was very helpful  friendly  and informative.,2
"Brilliant service from the dorchester team. Matt was really helpful and efficient. They were all really kind, it was a good atmosphere.",2
Angela was very helpful and solved my problem very quickly.,2
Excellent service. Srija at Kilburn High Road helped me to switch my SIM into eSIM when I got stuck doing it myself. She also helped me to put another physical SIM into my phone and further named the numbers so that I can easily identify them. Thank you Srija for your kindness and patience. You are so great.,2
"I had an outstanding experience with Sayed at the Vodafone store. From the moment I walked in, he greeted me with a warm smile and made me feel at ease. His professionalism and attentiveness were exceptional. Sayed quickly understood my issue and resolved it efficiently, ensuring that I left the store a happy customer. His customer service truly exceeded my expectations. Highly recommend Sayed if you're ever in need of assistance at Vodafone Holloway.",2
Thanks Rishi for helping me pick a phone for my son and giving me a great deal for a grest price aswell as making a great atmosphere.,2
Popped in to Vodafone meadowhall.Was greeted freindly as we walked in by a lady.We booked to come back in half an hour as they were very busy and we had things to do anyway.Came back and was introduced ro Ryan who made us very welcome and explained everything perfectly to us about my contract situation.We left very happy and was sure to give credit where it is due.,2
Thanks to Ravi for the best service!He helped me big time + the store has a nice atmosphere! Definitely coming back!,2
Great service.,2
Sam in Southampton,2
"I had the pleasure of being served by Josh at Canterbury Vodafone today. He was friendly, professional and answered all my questions quickly with explanations even I (zero technical knowledge) could understand. Thank you Josh, top notch service!",2
"Sam at Vodafone Merry Hill Centre Dudley was great. She was informative, professional and just very helpful",2
Bullring Vodaphone store Mark was very helpfulHe assisted with new contract orderThe store is always our first choice for mobile devices.Thank you guys,2
Edd went completely above and beyond to make my experience such a positive experience. After a smashed phone he was able to restore all of my information. He saved my life.,2
I visited the store in dudley street Wolverhampton because I needed to replace my old phone for a new one .A very nice young lady called Kiran helped me to get a new one of which she so kindly did and she also switched my sim card from my old phone to my new one because I just didn't know how to. And a few days later I realised I had left my sd card in my old phone so I went back and spoke to Kiran again and she put this into my new phone which I am eternally grateful to her for because I have so many irreplaceable photos on .So Thank you Kiran,2
"Exceptional service from Will, quick and courteous.",2
"Service is excellent, good explanation about the tariff.",2
Used the Barnsley Store to renew my broadband and phone contacts. Thw store was clean and well organized. Chris assisted us during our visit. He was very helpful and answered every question we had. Once leaving the store we had a new contract with a better outcome then we had.,2
Fast and reliable member of staff,2
Served by viken!!!! Quick service. Amazing customer service 10/10,2
I visited the store and MAX helped me choose my phone and went the extra mile showing me everything I needed to know. MAX was amazing even helping me claim my free chromebook.fabulous service which is why I always stay with them,2
Chelsea was extremely helpful. She listened to my preferences and budget and gave me various options. She explained all plans and was able to guide me to the plan that suited me.,2
Narinder was brilliant setting my handset would recommend agent,2
Amazing service.,2
"Mr Alistar has great man working in Vodafone branch in London Edgware Road honsit and professional i received perfect service while getting my phone deal with ,thanks Alistar well done keep up.",2
Mark made the process of upgrading my phone as painless as possible. Very helpful and knowledgeable.,2
Antony was briallant. In High Street Kensington Branch l was soo happy and pleased to met with him.So BIG THANK YOU VERY MUCH !!!!,2
Dave is fantastic and knows his stuff he got me a great deal,2
"Service agent was friendly, very helpful and got me a better result than I expected",2
Very pleased with the service received from Chanelle and partially from Gary.,2
"TJ was very helpful, I walked in with my old broken phone and came out with a new phone tailored to me, and also helped me set up my broadband for home, great experience, lovely staff! Thank you :)",2
Vyd was amazing at helping in every aspect in everyway possible. 200000% would recommend t9 everyone!,2
Kellie very polite and has excellent customer service but she was scared of my horror tattoos lolI am normally reskly anxious coming into shops but Kellie made me feel relaxed and I'm very happy,2
"I was served by Subrata in the Chiswick High Road store. He was brilliant. Knowledgable, great service and walked me through all the steps.",2
Gary and the team are always really helpful. They transferred all my data from my old phone to my new one.  Thank you.,2
"Amar at Vodafone Walton was excellent. Having spent so much time online and on the phone to try and upgrade my phone I decided it would be easier in store. Amar was very knowledgeable, helpful and patient. He got me a better deal than I had found online and helped me through the whole process. Very happy!",2
What great service and professional manner from Nabiha! She sorted all queries I had on my account and helped plan ahead for the end of contract and upgrading the device when I eventually plan to.Many thanks!!,2
Colin was really helpful and informative about the different plans. He‚Äôs managed to get me on a plan that suits my budget and fits my needs. And a really nice person too!,2
Gemma was brilliant.  I'm not that good with technology and she was so helpful.  She guided me with what I need to do whilst on my cruise regarding charges and data. Much appreciated.,2
"On my recent visit to Vodafone in Crawley I was served by Ben.Ben was friendly, funny and also very professional he explained everything to me clearly. Thank you.",2
"Excellent customer service on both occasions that I visited the store. Was served by Tom both times. Really helpful, not pressurised into any contracts and thoroughly explained the contract to me.",2
"Georgina helped me out set Up a new sim contract ,BEST service",2
Thanks kev for your patience with sorting my phone. Up and beyond customer service. Very patient spent 2 hours sorting it thankyou,2
Everything was great! Very objective and clear! Left happy and with no doubts! Joe was really amazing!,2
Joe was very helpful. He explained everything to us and made sure everything was set up before we left.,2
Good service,2
"I came in to take out a broadband account.  I found Vodafone's service good, fast and professional. I would happily visit this Vodafone branch in Chippenham again. Overall, my time spent here was little less than 30mins.",2
Found guidance and information very good taking me through phone change.,2
The young guy named will was very friendly and polite explaining my new contract to me that suited my needs and I am very happy with.,2
"Once again a fantastic experience while upgrading, always a pleasure going into the Falkirk store. Much better than sitting in a phone call to an agent‚Ä¶‚Ä¶",2
Excellent customer services. Rayham was very helpful and made us at ease. Highly recommend,2
"So professional, efficient and polite Rico absolutely best Vodafone team member! Thank you!",2
"Adrian, Dennis and Tarek were very helpful. It‚Äôs my my first time at the store that‚Äôs my local store and any time I have any question there happy and ready to answer any enquiry. Dennis help me today to upgrade my plan and have a new phone for mum. Thank you so much guys",2
"I called into the Omagh store and was served by Roisin, she was very friendly and knowledgeable! She was able to discuss my needs and point me towards the Google Pixel phone, would highly recommend calling in to see what deals they can do",2
Ali at the Keighley was so helpful and he sorted me out very quickly and efficiently. My Vodafone app now working. Thank you Ali!,2
I have just been to Pitney Vodafone and was served by a lovely gentleman named Saif . He was extremely helpful and organized as he helped switch to Vodafone with great service.,2
Very good service from Georgiana Northampton store,2
"Great service, extremely happy with the experience. I have returned to the store twice with a friend for a tech service and some information and team are such a delight",2
I saw Charlie today and he was very informative and got me a better deal on my SIMO. He was very pleasant and we had a nice chat. would 100% recommend seeing the manager Charlie,2
Jacob was very helpful managed to update my address on my account and check my recent bill to see if I had any extra charges great customer service would be back again soon to upgrade my deal :),2
Matt was very helpful & knowledgeable,2
"Georgiana helped me with my SIM card today, very good customer service",2
Ash was brilliant in explaining everything and helpful in getting the best result.,2
"Alexandra was really friendly and helpful. I am an absolute technophobe, and she explained everything to me so that I understood-thank you",2
Was instore sorting out 2 sim only upgrades and was greeted and served by Natalia. She managed to upgrade both of my packages and give me a great deal. Left the store very and happy and will definitely return again.,2
Met Rishi in store for purchase phone. He guided very nice and explained everything patiently. Very nice ambience and good conversation. Work done very soon. Thank you!,2
"Josh in Swansea store very helpful in going through my existing contract with me and helping me remove unnecessary data. Have used Vodafone for years due to good mobile coverage, and have always had great customer service in this store. Highly recommend.",2
Thanks to wazir he was amazing really appreciate it,2
Amazing Customer service from the manager Abu. Thank you,2
"Rosie was absolutely brilliant. She was easy to talk to, helpful, and completely on our side. Really excellent service from her during a tricky situation. Thank you so much.",2
Thank you for your help Zee! Very professional and helpful,2
"Sid has been brilliant, he helped me back in September when I needed help with a replacement phone and today he has changed my broadband from Sky and saved me money. Sid is professional, experiensed and friendly.",2
"Will was an absolute superstar. I took my 82 year old Auntie to get her a new phone. He was super patient and very helpful. He didn‚Äôt rush her at all, we were there for a while. I also upgraded my SIM card too. Would highly recommend this guy!",2
My wife and I visited the Vodafone shop in Newbury today as we had had an intermittent problem with her Pixel 8 phone. Mike the manager and Paul were very helpful and we now have a plan to diagnose and hopefully fix the problem. The first step has been completed and we will see if this works. We were thankful for their positive attitude and professionalism even though they weren‚Äôt earning any revenue and they ensured that the data was backed up properly etc.We would definitely use them again when upgrading our phones. Thank you,2
"Many thanks to Scott in the Worthing branch for his help and cheerful personality.I always dread new phones and phone deals, but he made it a stress-free experience.üòÄ",2
"Amy at the Leigh centre store was very helpful and informative. She helped us to identify the best tablet for us, excellent customer service",2
Excellent staff very friendly and knowledgeable. I would definitely recommend to anyone.,2
John was extremely helpful and friendly (with a fab sense of humour) while dealing with this Luddite Vicar!Thanks for sorting out my new phone and giving general advice and guidance.,2
StuartI was fortunate to be attended by Stuart today who provided me with detailed information about my options and proceeded to get me set up with a new contract and phone during my visit to the store. Stuart is knowledgeable and personable and most certainly an asset to the store. Thank you Stuart,2
"Excellent customer service quick and easy process all explained clearly, macy was really kind and offered me a drink. Will return",2
Namira was really friendly and helpful today,2
Martin proved very knowledgeable and assessed our needs very well. Very happy with the upgrades suggested.,2
Nat K helped me through the process of moving to sim only on my new phone. Thank you for making it easy to do üëç,2
"Ayub at Vodafone store in Rochdale was very helpful and pleasant, thank you",2
"Omar sorted out all my requirements with good humour and advice, despite struggling with a very slow running, recently updated system.Thank you Omar.",2
I called in to the Westwood Cross shop and was greeted by Connor. He was extremely helpful and knowledgeable when discussing SIMO plans and upgrade regarding my broadband to fibre. I didn't feel under any pressure and was very happy with the service he provided. Thanks again Connor for all your help.,2
Fin was amazing taking care of my Billing questions he also offered me a range of product for my line that I could upgrade but nothing that suited my needs at the moment bit I will be sure to go back into store and see him as soon as I need any new devices many thank Fin you are a true gentleman,2
"Thank you, Aaron, for helping me with my sim upgrade. Namaste üôè",2
Helpful with my E sim issue even when It was not a Vodafone sim,2
"Harry has excellent customer service skills. Spent time,  to get the best possible deal for me today. Explained everything to me, in a non- patronising manner. Extremely happy with the service he provided for me. Well done and the best of wishes for his continued progress with Vodafone.",2
Staff are friendly and helpful.Simon who helped me today was very knowledgeable and helped me get a great deal with my broadband. Would highly recommend.,2
Had a lovely experience with one the the advisors in the Wolverhampton store....JackPleasant well spoken got what we asked in store todayAnd also came away with cheaper broadband tooThank jack,2
"Really helpful, knowledgeable, and professional.  Thanks Sufy",2
Keifer was amazing he did me a really good deal on my new iPhone 15 he gave me everything I wanted couldn‚Äôt be happier,2
"Hello,I would like to give your worker @Kai a 10 out of 10 rating for making me a very happy customer and for being very professional I recommend that he deserves a wage bonus for his professionalism or atleast deserves a reward which he deserves.Thankyou!Kind Regards,Liam.",2
"Today my mother and I were served by Alina,she made our experience so great, she was friendly worked fast answered all the questions we asked.She was so down to earth and kept it so professional at the same time.She made us laugh which helped me to stop worrying about my phone. She was honestly great and I really enjoyed my consultation with her.",2
Very good experience with Ellie with her at the Vodafone store in Muswell Hill excellent and great service would highly recommend speaking to her if you have any issues with Vodafone Brilliant service and thank you Ellie and vodafone,2
Very helpful and efficient at Stafford store re Emma,2
Nat K made the whole experience of choosing a new phone really simple..everything was explained to me in language that I understood..I am always assured of friendly and professional service in this shop and Nat is a credit to Vodafone..thankyou Nat..I love my new phone!!,2
Art was very helpful. Asked if I needed internet. My talk talk package was finishing and he set me up with Vodafone. Very polite and good at his job.,2
"Popped into Stafford branch and got fantastic customer help and service from Emma who sorted everything I need to do quickly, efficiently and without any problems. Well done to her, fantastic üëå",2
"Manager Amar was very helpful , he went over and above , to help me with my phone , a truly decent guy .",2
Tricia was really helpful. 10 out of 10,2
"Crystal was so helpful and kind during our visit to Vodafone to re new our contracts. She was informative, fast and so kind with our 2 year old daughter. Would highly recommend visiting her.",2
Euan was able to help me perfectly and completed all the tasks I set him quickly and successfully. I definitely think Euan goes above and beyond his role at work,2
Very helpful,2
Sarah is always helpful in store,2
"Francesco is a brilliant representative of your company, sorting put new contracts, etc. for our two phones and a tablet.  The shop is quietly managed in very relaxed surroundings and personalities",2
